{
    "dihoa": [
        14,
        15,
        15,
        16,
        18,
        18,
        18,
        18,
        20,
        20,
        20,
        20,
        20,
        20,
        20,
        20,
        20,
        20,
        20,
        20,
        20,
        20,
        20,
        20,
        20,
        20,
        20,
        20,
        20,
        20
    ],
    "dipoa": [
        0,
        0,
        1,
        1,
        3,
        5,
        8,
        9,
        9,
        9,
        9,
        10,
        13,
        13,
        13,
        13,
        14,
        14,
        15,
        15,
        16,
        16,
        17,
        18,
        18,
        18,
        18,
        18,
        18,
        18
    ],
    "time": [
        0.5,
        2.2962962962962967,
        4.0925925925925934,
        5.888888888888889,
        7.685185185185186,
        9.481481481481483,
        11.277777777777779,
        13.074074074074076,
        14.870370370370372,
        16.666666666666668,
        17.166666666666668,
        18.894736842105264,
        20.62280701754386,
        22.35087719298246,
        24.078947368421055,
        25.80701754385965,
        27.535087719298247,
        29.263157894736842,
        30.99122807017544,
        32.719298245614034,
        34.44736842105263,
        36.175438596491226,
        37.90350877192982,
        39.631578947368425,
        41.359649122807014,
        43.08771929824562,
        44.815789473684205,
        46.54385964912281,
        48.2719298245614,
        50.0
    ]
}